2017-11-24 20:41:20,2017-11-24 20:20:34
2017-11-24 19:44:57,2017-11-24 19:00:21
2017-09-20 14:31:18,2017-09-20 01:46:33
2017-09-20 14:30:51,2017-09-20 01:53:58
2017-09-14 18:13:49,2017-09-14 02:47:48
2017-09-07 14:28:04,2017-09-06 22:14:54
2017-08-15 14:03:40,2017-08-05 22:11:11
2017-07-31 14:00:19,2017-07-30 16:16:41
2017-07-21 18:46:17,2017-07-21 18:44:33
2017-07-20 13:27:08,2017-07-19 02:05:26
2017-06-27 00:41:22,2017-06-27 00:37:46
2017-06-26 13:50:02,2017-06-25 19:43:14
2017-06-23 15:49:18,2017-06-23 15:47:25
2017-06-23 15:46:18,2017-06-23 15:42:20
2017-06-13 16:51:20,2017-06-12 20:56:34
2017-06-09 20:10:11,2017-06-09 18:31:09
2017-06-06 19:50:13,2017-06-06 18:57:29
2017-05-25 14:19:18,2017-05-25 02:35:04
2017-05-23 14:04:18,2017-05-20 21:22:44
2017-05-23 14:03:22,2017-05-20 22:56:34
2017-04-11 02:12:57,2017-04-11 02:08:21
2017-04-11 02:07:16,2017-04-11 02:02:59
2017-04-11 00:31:36,2017-04-11 00:26:15
2017-04-10 15:48:34,2017-04-08 17:19:09
2017-04-09 18:08:13,2017-04-09 16:23:04
2017-04-09 14:54:41,2017-04-09 04:17:30
2017-04-05 18:39:05,2017-04-05 17:36:57
2017-04-04 14:47:00,2017-03-25 22:57:39
2017-04-02 23:32:34,2017-04-02 23:31:19
2017-03-29 16:45:58,2017-03-28 20:13:58
2017-03-17 16:25:40,2017-03-17 15:59:09
2017-02-24 15:29:54,2017-02-24 15:06:15
2017-02-23 00:57:13,2017-02-23 00:49:32
2017-02-22 20:40:41,2017-02-22 20:39:32
2017-02-22 20:21:00,2017-02-22 20:12:16
2017-02-22 20:20:02,2017-02-22 20:16:27
2017-02-22 20:19:47,2017-02-22 20:16:56
2017-02-22 20:19:37,2017-02-22 20:17:11
2017-02-22 20:19:23,2017-02-22 20:18:09
2017-02-22 20:08:01,2017-02-22 20:05:12
2017-02-22 20:05:20,2017-02-22 20:02:38
2017-02-22 18:53:42,2017-02-22 18:47:49
2017-02-22 18:53:24,2017-02-22 18:48:18
2017-02-22 18:44:07,2017-02-22 18:41:27
2017-02-22 18:42:43,2017-02-22 18:30:54
2017-02-22 18:42:19,2017-02-22 18:33:28
2017-02-22 18:22:44,2017-02-22 18:19:10
2017-02-22 18:22:22,2017-02-22 18:20:13
2017-02-22 18:10:02,2017-02-22 18:06:03
2017-02-22 17:44:41,2017-02-22 17:42:30
2017-02-22 17:42:32,2017-02-22 17:40:25
2017-02-22 16:24:19,2017-02-22 16:13:40
2017-02-22 14:19:10,2017-02-22 14:13:17
2017-02-21 21:25:56,2017-02-21 21:20:15
2017-02-21 20:09:37,2017-02-21 19:15:12
2017-02-21 17:59:49,2017-02-21 00:31:09
2017-02-21 17:59:14,2017-02-21 01:52:53
2017-02-21 17:57:27,2017-02-21 15:31:00
2017-02-21 17:56:51,2017-02-21 15:42:35
2017-02-21 17:56:23,2017-02-21 16:00:52
2017-02-21 17:55:02,2017-02-21 17:22:10
2017-02-21 17:53:53,2017-02-21 17:53:05
2017-02-21 15:54:26,2017-02-21 15:40:26
2017-02-18 22:03:18,2017-02-18 16:48:42
2017-02-18 22:01:50,2017-02-18 02:33:33
2017-02-18 22:01:13,2017-02-18 20:25:23
2017-02-17 21:47:01,2017-02-17 16:22:05
2017-02-17 21:46:22,2017-02-17 18:07:22
2017-02-17 21:46:13,2017-02-17 18:19:23
2017-02-17 21:46:03,2017-02-17 18:35:14
2017-02-17 21:43:11,2017-02-17 20:03:43
2017-02-17 21:42:38,2017-02-17 20:06:24
2017-02-17 21:41:26,2017-02-17 20:43:13
2017-02-17 21:40:47,2017-02-17 20:49:33
2017-02-17 21:39:50,2017-02-17 20:50:45
2017-02-17 21:39:17,2017-02-17 21:02:34
2017-02-17 21:38:32,2017-02-17 21:16:12
2017-02-17 21:37:15,2017-02-17 21:24:30
2017-02-16 21:40:45,2017-02-16 15:33:39
2017-02-16 21:37:46,2017-02-16 00:38:57
2017-02-16 21:37:27,2017-02-16 01:45:37
2017-02-16 21:36:13,2017-02-16 14:56:14
2017-02-16 21:35:57,2017-02-16 16:05:19
2017-02-16 21:35:40,2017-02-16 16:19:51
2017-02-16 21:35:27,2017-02-16 17:17:16
2017-02-16 21:35:17,2017-02-16 17:31:32
2017-02-16 21:34:17,2017-02-16 17:34:45
2017-02-16 16:27:04,2017-02-16 16:18:35
2017-02-16 15:39:40,2017-02-16 15:27:25
2017-02-16 15:18:42,2017-02-16 05:49:24
2017-02-15 17:03:57,2017-02-15 15:09:33
2017-02-15 16:40:00,2017-02-15 16:08:49
2017-02-15 16:39:01,2017-02-15 01:30:02
2017-02-15 15:10:10,2017-02-15 14:57:57
2017-02-14 22:10:13,2017-02-14 16:39:13
2017-02-14 22:07:02,2017-02-14 21:11:02
2017-02-14 22:06:52,2017-02-14 21:55:13
2017-02-14 15:32:44,2017-02-13 18:36:14
2017-02-14 15:32:27,2017-02-13 19:00:09
2017-02-14 15:32:14,2017-02-13 19:02:10
2017-02-14 15:31:49,2017-02-13 21:25:15
2017-02-14 15:31:37,2017-02-13 21:30:29
2017-02-14 15:31:00,2017-02-13 21:34:22
2017-02-14 15:29:31,2017-02-13 22:55:22
2017-02-14 15:29:23,2017-02-13 23:29:54
2017-02-14 15:29:16,2017-02-13 23:49:29
2017-02-14 15:28:56,2017-02-14 02:53:41
2017-02-14 15:28:44,2017-02-14 03:49:24
2017-02-14 15:28:02,2017-02-14 13:43:01
2017-02-14 15:27:51,2017-02-14 14:04:15
2017-02-13 18:15:33,2017-02-11 17:46:52
2017-02-13 18:15:17,2017-02-11 20:28:34
2017-02-13 18:13:05,2017-02-13 01:33:20
2017-02-13 18:12:31,2017-02-13 15:38:04
2017-02-13 18:11:10,2017-02-13 17:47:59
2017-02-13 18:11:00,2017-02-13 18:05:09
2017-02-13 16:51:47,2017-02-13 16:34:53
2017-02-10 21:29:38,2017-02-10 21:00:03
2017-02-10 19:44:19,2017-02-10 17:47:01
2017-02-10 19:44:08,2017-02-10 17:59:30
2017-02-10 19:43:58,2017-02-10 18:21:17
2017-02-10 19:43:37,2017-02-10 18:37:35
2017-02-10 19:43:26,2017-02-10 18:39:14
2017-02-10 19:43:19,2017-02-10 18:46:38
2017-02-10 19:43:09,2017-02-10 19:35:12
2017-02-10 19:42:57,2017-02-09 23:05:14
2017-02-09 21:33:04,2017-02-09 21:21:31
2017-02-09 20:36:32,2017-02-09 20:16:40
2017-02-09 17:48:11,2017-02-09 17:33:51
2017-02-09 16:59:11,2017-02-08 13:43:08
2017-02-09 16:58:50,2017-02-08 17:42:02
2017-02-09 16:58:39,2017-02-08 19:39:51
2017-02-09 16:58:10,2017-02-08 21:59:59
2017-02-09 16:57:47,2017-02-08 23:14:11
2017-02-09 16:55:42,2017-02-09 01:52:56
2017-02-09 16:55:35,2017-02-09 04:09:32
2017-02-09 16:55:29,2017-02-09 04:39:31
2017-02-09 16:55:24,2017-02-09 05:00:42
2017-02-09 16:55:15,2017-02-09 07:01:19
2017-02-07 21:36:11,2017-02-07 21:00:56
2017-02-07 17:20:27,2017-02-07 17:02:22
2017-02-07 16:29:22,2017-02-07 15:36:33
2017-02-07 15:28:50,2017-02-07 00:17:09
2017-02-07 15:28:14,2017-02-07 15:08:19
2017-02-06 23:06:32,2017-02-06 23:04:52
2017-02-06 23:04:26,2017-02-06 18:28:37
2017-02-06 23:04:14,2017-02-06 18:32:19
2017-02-06 23:04:07,2017-02-06 19:07:47
2017-02-06 23:04:01,2017-02-06 19:30:52
2017-02-06 18:13:18,2017-01-30 17:41:00
2017-02-06 18:13:00,2017-02-02 17:50:29
2017-02-06 18:12:48,2017-02-02 17:55:01
2017-02-06 18:12:26,2017-02-02 18:19:16
2017-02-06 18:12:20,2017-02-02 18:22:05
2017-02-06 18:12:10,2017-02-02 18:31:13
2017-02-06 18:12:04,2017-02-02 19:07:20
2017-02-06 18:11:51,2017-02-02 19:26:14
2017-02-06 18:11:42,2017-02-02 20:17:30
2017-02-06 18:11:37,2017-02-02 20:44:05
2017-02-06 18:11:24,2017-02-02 22:19:47
2017-02-06 18:11:06,2017-02-02 23:29:32
2017-02-06 18:10:56,2017-02-03 00:00:45
2017-02-06 18:10:45,2017-02-03 03:15:05
2017-02-06 18:10:38,2017-02-03 04:40:52
2017-02-06 18:10:22,2017-02-03 13:55:13
2017-02-06 18:10:17,2017-02-03 14:07:07
2017-02-06 18:10:07,2017-02-03 15:40:57
2017-02-06 18:09:56,2017-02-03 17:03:40
2017-02-06 18:09:48,2017-02-03 17:19:54
2017-02-06 18:09:40,2017-02-03 18:50:24
2017-02-06 18:09:37,2017-02-03 18:50:27
2017-02-06 18:09:11,2017-02-04 03:02:35
2017-02-06 18:08:57,2017-02-04 13:05:13
2017-02-06 18:08:51,2017-02-04 13:33:10
2017-02-06 18:08:47,2017-02-04 13:40:00
2017-02-06 18:08:42,2017-02-04 14:49:59
2017-02-06 18:08:32,2017-02-04 15:35:05
2017-02-06 18:08:23,2017-02-04 17:28:17
2017-02-06 18:08:15,2017-02-04 17:44:49
2017-02-06 18:08:09,2017-02-04 17:46:51
2017-02-06 18:07:58,2017-02-04 18:59:16
2017-02-06 18:07:52,2017-02-04 19:13:23
2017-02-06 18:07:44,2017-02-05 00:46:31
2017-02-06 18:07:32,2017-02-05 16:46:32
2017-02-06 18:07:26,2017-02-05 20:39:40
2017-02-06 18:07:18,2017-02-05 22:35:05
2017-02-06 18:07:12,2017-02-06 01:22:42
2017-02-06 18:07:04,2017-02-06 03:03:51
2017-02-06 18:06:57,2017-02-06 09:42:43
2017-02-06 18:06:50,2017-02-06 09:44:57
2017-01-01 03:41:48,2017-01-01 03:39:55
2016-12-23 17:42:33,2016-12-23 14:11:22
2016-12-22 17:58:53,2016-12-21 20:11:24
2016-12-21 03:13:58,2016-12-21 02:51:34
2016-12-19 19:58:53,2016-12-19 19:58:16
2016-12-16 03:55:42,2016-12-16 03:54:22
2016-12-15 15:11:46,2016-12-15 00:27:52
2016-11-26 18:03:14,2016-11-26 17:59:29
2016-11-18 03:41:49,2016-11-18 03:34:34
2016-11-12 01:18:05,2016-11-12 01:13:15
2016-11-02 01:15:06,2016-11-02 01:14:10
